global_step,loss,policy_loss,value_loss,entropy,aux_loss,episode_return
256.0,4.603811740875244,-0.0240715891122818,9.286285400390625,1.5259346961975098,0.0,-13.500000000000002
512.0,2.8189637660980225,-0.2284407764673233,6.125433444976807,1.5312169790267944,0.0,-10.707272727272729
768.0,3.6747498512268066,-0.031213946640491486,7.441247940063477,1.4660108089447021,0.0,-9.024545454545454
1024.0,4.661233901977539,-0.1243615448474884,9.60073471069336,1.4771744012832642,0.0,-11.007272727272728
1280.0,1.3478361368179321,-0.05584154650568962,2.836949586868286,1.4797083139419556,0.0,-11.898421052631578
1536.0,3.2414677143096924,-0.0814756527543068,6.674471855163574,1.4292476177215576,0.0,-11.64611111111111
1792.0,0.46097332239151,0.04336768388748169,0.8632591962814331,1.402395248413086,0.0,-12.076666666666666
2048.0,0.9963070154190063,0.11878281831741333,1.781599998474121,1.327575445175171,0.0,-10.150714285714287
2304.0,1.5631359815597534,0.1927882581949234,2.767700433731079,1.3502519130706787,0.0,-8.716315789473683
2560.0,0.723373293876648,-0.0655238926410675,1.6069611310958862,1.4583337306976318,0.0,-13.006250000000001
2816.0,7.101817607879639,-0.22428712248802185,14.680617332458496,1.4203872680664062,0.0,-11.125
3072.0,0.7619752287864685,-0.11519327759742737,1.7819013595581055,1.3782222270965576,0.0,-12.654166666666667
3328.0,-0.09676381200551987,-0.15456293523311615,0.14425143599510193,1.4326592683792114,0.0,-14.354545454545455
3584.0,2.053356170654297,0.18329735100269318,3.766714096069336,1.3298349380493164,0.0,-12.597777777777779
3840.0,-0.07921028137207031,-0.1953515112400055,0.25948387384414673,1.3600709438323975,0.0,-14.177999999999997
4096.0,1.824456810951233,0.055919792503118515,3.564422369003296,1.3674108982086182,0.0,-13.342500000000005
4352.0,1.8706837892532349,0.055771604180336,3.6587259769439697,1.4450738430023193,0.0,-10.91875
4608.0,1.4862414598464966,0.003600798547267914,2.9944443702697754,1.458150863647461,0.0,-11.952142857142857
4864.0,2.3668363094329834,0.09940744191408157,4.563673973083496,1.4408056735992432,0.0,-11.555333333333332
5120.0,3.192103862762451,-0.023898422718048096,6.460558891296387,1.4277119636535645,0.0,-11.78
5376.0,0.6895850896835327,0.0261915922164917,1.3543204069137573,1.3766727447509766,0.0,-12.996363636363638
5632.0,1.6185295581817627,0.010015368461608887,3.2436907291412354,1.3331211805343628,0.0,-12.84
5888.0,2.442897319793701,0.008840523660182953,4.894250392913818,1.3068413734436035,0.0,-11.522
6144.0,7.5873212814331055,0.012352518737316132,15.17570972442627,1.288594365119934,0.0,-8.845882352941178
6400.0,0.8160118460655212,-0.029632598161697388,1.717347264289856,1.3029170036315918,0.0,-13.726000000000003
6656.0,1.3195692300796509,-0.09857253730297089,2.8630459308624268,1.3381212949752808,0.0,-11.460666666666667
6912.0,2.732133388519287,0.06930997967720032,5.352397918701172,1.3375561237335205,0.0,-10.888181818181819
7168.0,1.2247035503387451,0.10103139281272888,2.273089647293091,1.2872686386108398,0.0,-11.572307692307694
7424.0,0.23174162209033966,0.08565367758274078,0.3173750638961792,1.259959101676941,0.0,-11.796875
7680.0,0.10934680700302124,0.05051368102431297,0.1441541314125061,1.3243939876556396,0.0,-15.516666666666667
7936.0,0.8544039130210876,-0.07948222011327744,1.8946751356124878,1.3451454639434814,0.0,-13.409090909090908
8192.0,0.15382042527198792,0.07323713600635529,0.1899568736553192,1.439514398574829,0.0,-12.894166666666665
8448.0,3.47898268699646,-0.03527279943227768,7.055664539337158,1.3576724529266357,0.0,-10.214444444444446
8704.0,-0.07570965588092804,-0.18115273118019104,0.23803231120109558,1.3573083877563477,0.0,-15.198888888888888
8960.0,0.17943589389324188,0.12174545228481293,0.14052419364452362,1.2571643590927124,0.0,-11.893571428571425
9216.0,0.6101016402244568,0.058307915925979614,1.129758358001709,1.3085451126098633,0.0,-13.639166666666668
9472.0,3.2786595821380615,0.00928327813744545,6.566300392150879,1.3773943185806274,0.0,-12.252727272727272
9728.0,3.9501616954803467,-0.03470831736922264,7.995790004730225,1.3024953603744507,0.0,-11.009
9984.0,8.588716506958008,-0.18689824640750885,17.57445526123047,1.1612610816955566,0.0,-9.021999999999998
10240.0,1.4856462478637695,-0.2519657015800476,3.497523307800293,1.1149606704711914,0.0,-13.75090909090909
10496.0,5.725593090057373,-0.15236707031726837,11.77802848815918,1.1054097414016724,0.0,-11.276153846153845
10752.0,4.756559371948242,-0.1411745548248291,9.818611145019531,1.1571831703186035,0.0,-10.24
11008.0,4.578426837921143,-0.018258318305015564,9.216978073120117,1.1804189682006836,0.0,-11.407272727272728
11264.0,0.8207316398620605,0.11363443732261658,1.4377772808074951,1.1791496276855469,0.0,-12.552727272727271
11520.0,0.5586241483688354,0.08883333206176758,0.9625482559204102,1.1483333110809326,0.0,-14.20285714285715
11776.0,0.5015663504600525,0.04468764737248421,0.9367111921310425,1.1476877927780151,0.0,-13.065454545454545
12032.0,0.24386988580226898,0.052674081176519394,0.4047730267047882,1.1190690994262695,0.0,-12.962222222222222
12288.0,0.407971054315567,0.08121804893016815,0.6758770942687988,1.1185555458068848,0.0,-13.980000000000004
12544.0,4.850093841552734,0.038101762533187866,9.64755916595459,1.1787328720092773,0.0,-8.261875
12800.0,2.9049110412597656,-0.21723774075508118,6.265890598297119,1.0796586275100708,0.0,-11.66818181818182
13056.0,4.1965765953063965,-0.19476699829101562,8.806117057800293,1.171478509902954,0.0,-9.509166666666667
13312.0,0.5548574328422546,0.0420895591378212,1.0481622219085693,1.1313239336013794,0.0,-11.612727272727271
13568.0,2.1255924701690674,0.06266826391220093,4.14709997177124,1.062591552734375,0.0,-9.810555555555556
13824.0,0.5445188283920288,0.06485184282064438,0.9816634058952332,1.1164724826812744,0.0,-14.598750000000004
14080.0,1.9140182733535767,0.05452127009630203,3.7403292655944824,1.0667623281478882,0.0,-11.190000000000001
14336.0,1.875075101852417,-0.1308918297290802,4.033158302307129,1.0612223148345947,0.0,-10.799411764705884
14592.0,0.40185099840164185,-0.13616600632667542,1.0987966060638428,1.1381288766860962,0.0,-13.511111111111113
14848.0,4.53732442855835,-0.07729672640562057,9.250591278076172,1.0674517154693604,0.0,-9.053636363636365
15104.0,0.40083590149879456,-0.010522827506065369,0.843316912651062,1.0299701690673828,0.0,-11.745999999999999
15360.0,5.406501770019531,-0.16386517882347107,11.162382125854492,1.082442045211792,0.0,-9.368
15616.0,0.6145251989364624,0.06210613250732422,1.1222357749938965,0.869881272315979,0.0,-11.227857142857145
15872.0,1.648117184638977,-0.06339144706726074,3.443063259124756,1.0022940635681152,0.0,-7.865714285714286
16128.0,0.16259992122650146,-0.12194573879241943,0.5892789363861084,1.0093801021575928,0.0,-12.394210526315788
16384.0,1.909029483795166,0.14537844061851501,3.5468673706054688,0.978266716003418,0.0,-10.675
16640.0,0.8290539383888245,0.0002819932997226715,1.6759614944458008,0.9208790063858032,0.0,-13.047
16896.0,1.029090404510498,0.19960930943489075,1.680206537246704,1.0622098445892334,0.0,-13.540000000000001
17152.0,-0.02822437882423401,-0.10074306279420853,0.16633939743041992,1.0651015043258667,0.0,-12.850833333333334
17408.0,0.9632267355918884,-0.08388131856918335,2.115030288696289,1.0407097339630127,0.0,-12.920999999999998
17664.0,8.137145042419434,-0.10487458854913712,16.503376007080078,0.9668283462524414,0.0,-9.596666666666666
17920.0,0.33978426456451416,-0.011755399405956268,0.7219138145446777,0.9417223930358887,0.0,-11.898181818181818
18176.0,3.7720773220062256,0.07278309017419815,7.418085098266602,0.9748290181159973,0.0,-9.780000000000003
18432.0,1.699001669883728,0.16767163574695587,3.083249568939209,1.029482364654541,0.0,-9.396000000000003
18688.0,0.7487139105796814,0.06234174966812134,1.3901339769363403,0.8694849014282227,0.0,-12.745000000000003
18944.0,0.25030237436294556,0.09347593784332275,0.332633912563324,0.9490521550178528,0.0,-9.912352941176474
19200.0,0.546053409576416,-0.09058378636837006,1.2941768169403076,1.0451217889785767,0.0,-11.27909090909091
19456.0,0.3849297761917114,-0.03838523104786873,0.8659117221832275,0.964083194732666,0.0,-13.73
19712.0,0.439569890499115,-0.03975704684853554,0.9765645265579224,0.8955334424972534,0.0,-14.655000000000001
19968.0,0.39060622453689575,0.03542526811361313,0.7282695770263672,0.8953850269317627,0.0,-13.622727272727273
20224.0,1.768859624862671,-0.022089533507823944,3.599215030670166,0.8658369183540344,0.0,-10.49769230769231
20480.0,5.206270694732666,-0.046341150999069214,10.523613929748535,0.9195326566696167,0.0,-9.360000000000001
20736.0,0.39346954226493835,0.009422542527318,0.7869794368743896,0.94427090883255,0.0,-11.879000000000001
20992.0,0.36370110511779785,0.06912049651145935,0.6060633659362793,0.845108687877655,0.0,-11.034285714285717
21248.0,2.762829065322876,-0.19642551243305206,5.936346530914307,0.8918678760528564,0.0,-12.341000000000001
21504.0,0.7715485095977783,-0.11454546451568604,1.7917895317077637,0.9800778031349182,0.0,-7.598333333333336
21760.0,5.372076511383057,-0.3342200219631195,11.42819595336914,0.7801356315612793,0.0,-11.755833333333333
22016.0,0.4678725600242615,0.06898319721221924,0.8150454759597778,0.8633378148078918,0.0,-12.44625
22272.0,2.2179317474365234,0.02459683269262314,4.4040961265563965,0.8713149428367615,0.0,-12.944545454545455
22528.0,1.6885472536087036,0.12192980945110321,3.1506974697113037,0.8731297254562378,0.0,-10.787272727272727
22784.0,1.6031286716461182,-0.0013835877180099487,3.2256813049316406,0.832846999168396,0.0,-10.987499999999999
23040.0,1.4827470779418945,0.04888385534286499,2.884428024291992,0.8350847959518433,0.0,-10.731428571428571
23296.0,1.0934696197509766,-0.00916946493089199,2.2228574752807617,0.8789626359939575,0.0,-14.10142857142857
23552.0,0.8606292009353638,0.06645500659942627,1.6059287786483765,0.8790185451507568,0.0,-13.169999999999998
23808.0,0.4271039366722107,0.08604784309864044,0.6987454295158386,0.831662654876709,0.0,-13.39
24064.0,3.106236696243286,0.046249568462371826,6.137749195098877,0.8887508511543274,0.0,-11.859
24320.0,0.46643465757369995,0.04479159414768219,0.8598349094390869,0.8274374008178711,0.0,-13.651428571428577
24576.0,0.8448127508163452,0.01556151732802391,1.672799825668335,0.7148701548576355,0.0,-12.193636363636363
24832.0,1.7366445064544678,-0.05843168497085571,3.6084301471710205,0.9138803482055664,0.0,-10.806000000000003
25088.0,2.5500059127807617,-0.017057694494724274,5.151927947998047,0.8900466561317444,0.0,-10.887777777777778
25344.0,0.3700740337371826,-0.03222740441560745,0.8213249444961548,0.8361047506332397,0.0,-12.487272727272728
25600.0,0.870999813079834,0.03951146453619003,1.6802645921707153,0.8643922805786133,0.0,-10.575
25856.0,0.7876985669136047,0.13201196491718292,1.3305883407592773,0.9607546329498291,0.0,-11.223846153846154
26112.0,3.1382291316986084,-0.019409511238336563,6.332025527954102,0.8374320268630981,0.0,-12.012307692307694
26368.0,4.6398024559021,-0.18992078304290771,9.676750183105469,0.8651804327964783,0.0,-10.789285714285713
26624.0,1.3761731386184692,0.14723843336105347,2.4772863388061523,0.9708532691001892,0.0,-10.375000000000002
26880.0,0.5496323108673096,0.22985215485095978,0.6585549116134644,0.9497268199920654,0.0,-11.987647058823528
27136.0,2.139920949935913,-0.06569681316614151,4.427711486816406,0.8238192200660706,0.0,-9.45625
27392.0,2.685014486312866,0.2022005319595337,4.983918190002441,0.9145022630691528,0.0,-9.494615384615384
27648.0,0.5432052612304688,-0.14800825715065002,1.3990874290466309,0.8330205678939819,0.0,-13.632727272727273
27904.0,4.387063503265381,-0.05205012857913971,8.899127006530762,1.0449707508087158,0.0,-7.754999999999999
28160.0,1.2065352201461792,0.014814365655183792,2.40348482131958,1.002161979675293,0.0,-12.925454545454546
28416.0,0.4452972710132599,0.05447971820831299,0.8000640273094177,0.9214451313018799,0.0,-13.513333333333334
28672.0,1.4989811182022095,-0.009611580520868301,3.033080577850342,0.7947602868080139,0.0,-11.21642857142857
28928.0,0.19722279906272888,-0.08637990802526474,0.5856539607048035,0.9224261045455933,0.0,-11.202500000000004
29184.0,0.1427280157804489,-0.07345102727413177,0.44715338945388794,0.7397656440734863,0.0,-12.752
29440.0,4.550554275512695,-0.029558487236499786,9.175088882446289,0.7431399822235107,0.0,-7.077142857142857
29696.0,1.6989773511886597,0.2352588027715683,2.940540313720703,0.6551637053489685,0.0,-11.023999999999997
29952.0,1.6972655057907104,0.04631928354501724,3.3163578510284424,0.7232652902603149,0.0,-9.629999999999999
30208.0,0.4165128469467163,-0.30348992347717285,1.4563034772872925,0.8148954510688782,0.0,-12.363333333333337
30464.0,1.6812571287155151,-0.011623803526163101,3.399632453918457,0.6935181617736816,0.0,-9.237333333333336
30720.0,0.6231381297111511,0.07086151838302612,1.1166490316390991,0.6047881841659546,0.0,-12.675999999999998
30976.0,6.609450340270996,-0.20186588168144226,13.637215614318848,0.7292011976242065,0.0,-8.125625
31232.0,2.3784866333007812,0.012026391923427582,4.74756383895874,0.7321521043777466,0.0,-12.182999999999998
31488.0,2.473703622817993,-0.056287989020347595,5.072577476501465,0.6297044157981873,0.0,-11.649000000000001
31744.0,0.32457345724105835,-0.011528320610523224,0.6848850250244141,0.6340733766555786,0.0,-14.252500000000001
32000.0,1.8989371061325073,0.0036936774849891663,3.803431510925293,0.6472318172454834,0.0,-8.916666666666664
32256.0,4.437366008758545,0.015429899096488953,8.856825828552246,0.6477113962173462,0.0,-10.838000000000001
32512.0,3.697413444519043,-0.031244352459907532,7.468365669250488,0.5525040030479431,0.0,-11.245
32768.0,0.7754300832748413,0.13066202402114868,1.3002238273620605,0.5343877077102661,0.0,-14.110000000000001
33024.0,0.25220033526420593,-0.11456044018268585,0.7459939122200012,0.6236161589622498,0.0,-12.647692307692305
33280.0,0.8652476072311401,0.051282837986946106,1.6399304866790771,0.600043535232544,0.0,-11.24846153846154
33536.0,0.7914856672286987,0.08914386481046677,1.4187710285186768,0.7043709754943848,0.0,-13.74625
33792.0,0.33094197511672974,-0.08046822994947433,0.8384356498718262,0.7807619571685791,0.0,-14.062857142857144
34048.0,0.07639206945896149,-0.04855518415570259,0.26638883352279663,0.8247168064117432,0.0,-11.591249999999999
34304.0,0.32251331210136414,0.10180679708719254,0.45553356409072876,0.7060266733169556,0.0,-9.895
34560.0,2.1429617404937744,-0.005689062178134918,4.312015533447266,0.7356866002082825,0.0,-11.766153846153847
34816.0,0.19674775004386902,-0.02438623644411564,0.4583266079425812,0.8029318451881409,0.0,-12.623333333333335
35072.0,5.917451858520508,-0.1070423275232315,12.059333801269531,0.5172903537750244,0.0,-7.515000000000001
35328.0,0.6978824734687805,0.13636235892772675,1.137155532836914,0.7057666778564453,0.0,-9.908333333333335
35584.0,0.8150433301925659,0.2368800789117813,1.169668436050415,0.6670926809310913,0.0,-12.633
35840.0,1.4897675514221191,-0.04505421966314316,3.0821754932403564,0.6265970468521118,0.0,-10.845833333333337
36096.0,4.1238861083984375,0.041705500334501266,8.176948547363281,0.6293622851371765,0.0,-7.195833333333334
36352.0,0.3258654475212097,-0.0784977450966835,0.8189243078231812,0.5098977088928223,0.0,-13.032222222222224
36608.0,0.21354609727859497,-0.20463544130325317,0.8472014665603638,0.5419189929962158,0.0,-11.737142857142858
36864.0,0.9814062118530273,0.12011616677045822,1.7365280389785767,0.6973997950553894,0.0,-10.927999999999999
37120.0,0.1801772117614746,-0.163954496383667,0.7015527486801147,0.6644670963287354,0.0,-12.707499999999998
37376.0,0.9904220104217529,0.1427951157093048,1.7082054615020752,0.6475776433944702,0.0,-10.947272727272727
37632.0,0.5081081390380859,-0.11420390754938126,1.2580249309539795,0.6700378656387329,0.0,-13.465000000000003
37888.0,0.24461224675178528,0.03428047150373459,0.43255919218063354,0.594783365726471,0.0,-12.485833333333332
38144.0,1.0979129076004028,0.09157218784093857,2.0256996154785156,0.6509053707122803,0.0,-13.645454545454543
38400.0,1.9751662015914917,0.030319280922412872,3.902686595916748,0.649639368057251,0.0,-10.78
38656.0,0.739716649055481,0.13587233424186707,1.2204532623291016,0.6382350921630859,0.0,-15.031666666666672
38912.0,3.7723886966705322,-0.12290441244840622,7.80450439453125,0.6959212422370911,0.0,-7.157499999999995
39168.0,1.0655817985534668,0.10289102792739868,1.9365310668945312,0.5574687123298645,0.0,-8.229285714285714
39424.0,2.0066018104553223,0.1461036503314972,3.733074426651001,0.6039210557937622,0.0,-12.135000000000002
39680.0,0.4371801018714905,0.09681683033704758,0.6914254426956177,0.5349462032318115,0.0,-11.934000000000008
39936.0,0.28390026092529297,-0.08670681715011597,0.7518351078033447,0.5310482978820801,0.0,-14.141111111111108
40192.0,0.47814232110977173,0.15401701629161835,0.6627130508422852,0.723122239112854,0.0,-10.84769230769231
40448.0,0.26309362053871155,-0.10811319947242737,0.7570587396621704,0.7322554588317871,0.0,-14.655000000000003
40704.0,0.6173948645591736,-0.07409204542636871,1.396790862083435,0.69085294008255,0.0,-12.924000000000001
40960.0,5.8440446853637695,0.04257644712924957,11.614235877990723,0.5649449825286865,0.0,-5.481666666666665
41216.0,4.183570384979248,-0.15182845294475555,8.680557250976562,0.48799237608909607,0.0,-9.502
41472.0,1.8266915082931519,-0.01469043642282486,3.692333698272705,0.4784996211528778,0.0,-10.256666666666668
41728.0,2.337601900100708,0.10560931265354156,4.476386070251465,0.6200481653213501,0.0,-10.44
41984.0,1.6673892736434937,-0.08975149691104889,3.523179054260254,0.4448789954185486,0.0,-10.616428571428573
42240.0,0.6899803876876831,-0.024377770721912384,1.439819097518921,0.5551387667655945,0.0,-13.986249999999998
42496.0,0.3908593952655792,0.04722129553556442,0.6977633237838745,0.5243575572967529,0.0,-12.468823529411766
42752.0,0.4321019649505615,0.1104239672422409,0.6531879901885986,0.49160176515579224,0.0,-10.26727272727273
43008.0,1.3675062656402588,0.09291209280490875,2.557097911834717,0.3954823911190033,0.0,-12.808888888888886
43264.0,1.9356614351272583,0.05157490074634552,3.7791941165924072,0.5510569214820862,0.0,-11.412666666666665
43520.0,1.0304468870162964,0.1328955888748169,1.8061996698379517,0.5548621416091919,0.0,-9.566249999999998
43776.0,1.6678673028945923,0.15290658175945282,3.0396299362182617,0.48542270064353943,0.0,-13.930000000000001
44032.0,0.1176072284579277,-0.16845592856407166,0.5840924978256226,0.5983091592788696,0.0,-12.293076923076923
44288.0,0.5106059312820435,0.03277257829904556,0.9667437076568604,0.5538502335548401,0.0,-13.87875
44544.0,1.372707486152649,0.09746567904949188,2.5636847019195557,0.6600499153137207,0.0,-11.592222222222222
44800.0,0.32263705134391785,-0.20371203124523163,1.0650324821472168,0.6167129874229431,0.0,-13.16857142857143
45056.0,2.2923965454101562,0.022871054708957672,4.549106597900391,0.5027806758880615,0.0,-11.101818181818183
45312.0,0.25646424293518066,-0.08874345570802689,0.7014066576957703,0.5495628118515015,0.0,-13.071000000000002
45568.0,2.762056350708008,-0.04708084464073181,5.632210731506348,0.6968315839767456,0.0,-10.875
45824.0,3.314676284790039,-0.2683921456336975,7.177495002746582,0.5679216384887695,0.0,-11.269166666666669
46080.0,0.5309619903564453,0.050251707434654236,0.9725145101547241,0.5546987056732178,0.0,-13.634
46336.0,0.06543773412704468,-0.21884167194366455,0.5818421840667725,0.6641682982444763,0.0,-12.221250000000001
46592.0,4.284850120544434,0.052814334630966187,8.475695610046387,0.5812215805053711,0.0,-9.826875000000001
46848.0,0.21702024340629578,-0.10176198184490204,0.6487260460853577,0.5580791234970093,0.0,-12.786666666666664
47104.0,1.8112801313400269,-0.14217126369476318,3.9171013832092285,0.5099238157272339,0.0,-9.70375
47360.0,2.4507083892822266,0.02922915294766426,4.854095935821533,0.5568793416023254,0.0,-7.881111111111112
47616.0,0.1818206012248993,-0.11728348582983017,0.6123747825622559,0.7083302736282349,0.0,-13.201999999999998
47872.0,2.2999284267425537,-0.1532471925020218,4.9186601638793945,0.615455150604248,0.0,-10.973333333333333
48128.0,0.7449262738227844,0.002884507179260254,1.4968377351760864,0.6377084255218506,0.0,-11.146999999999998
48384.0,0.4079956114292145,-0.04788226634263992,0.9223417639732361,0.5292998552322388,0.0,-13.395
48640.0,0.0903533473610878,-0.15328240394592285,0.5010206699371338,0.6874582767486572,0.0,-13.683846153846153
48896.0,0.2691735029220581,0.13122597336769104,0.2842002511024475,0.4152587950229645,0.0,-12.915000000000004
49152.0,0.7549788355827332,0.20149371027946472,1.116990089416504,0.5009939670562744,0.0,-12.707
49408.0,0.5190668702125549,0.15266719460487366,0.7457481026649475,0.6474364995956421,0.0,-13.981111111111112
49664.0,0.4175533652305603,0.07324729859828949,0.6992958784103394,0.5341877937316895,0.0,-11.352727272727275
49920.0,0.23812668025493622,-0.040727756917476654,0.566581130027771,0.44361138343811035,0.0,-12.146875
50176.0,0.13404129445552826,-0.1324179619550705,0.5413072109222412,0.4194346070289612,0.0,-13.431999999999999
50432.0,0.3407037854194641,0.1531764268875122,0.38417065143585205,0.4557977318763733,0.0,-10.207000000000003
50688.0,0.08118491619825363,-0.01746375858783722,0.2061401605606079,0.4421406388282776,0.0,-11.816923076923077
50944.0,1.0542395114898682,0.07241784036159515,1.9723784923553467,0.4367544651031494,0.0,-13.356666666666667
51200.0,0.42090505361557007,-0.03837783634662628,0.9242565035820007,0.28453394770622253,0.0,-12.942307692307692
51456.0,0.5912095904350281,0.15434640645980835,0.8817723393440247,0.40230315923690796,0.0,-12.291250000000002
51712.0,2.0577239990234375,0.044655345380306244,4.0323166847229,0.3089641332626343,0.0,-9.994000000000002
51968.0,2.2783896923065186,0.04057635739445686,4.483097076416016,0.3735198974609375,0.0,-11.475714285714288
52224.0,1.8835813999176025,-0.14810499548912048,4.072270393371582,0.4448736011981964,0.0,-11.145555555555555
52480.0,1.1329072713851929,0.08593901991844177,2.100120782852173,0.3092137575149536,0.0,-12.64666666666667
52736.0,0.18990924954414368,-0.028831060975790024,0.444060355424881,0.3289868235588074,0.0,-12.55
52992.0,0.21562132239341736,-0.1360572725534439,0.7096071243286133,0.31249648332595825,0.0,-12.751428571428573
53248.0,0.38944828510284424,-0.042893603444099426,0.8710698485374451,0.3193016052246094,0.0,-12.350000000000001
53504.0,0.7582153081893921,-0.04438565671443939,1.611743450164795,0.32707589864730835,0.0,-13.296999999999997
53760.0,0.3384557068347931,-0.14923638105392456,0.9817399382591248,0.31778785586357117,0.0,-16.492000000000004
54016.0,0.5997668504714966,0.21020160615444183,0.7854129076004028,0.31412243843078613,0.0,-12.190909090909093
54272.0,4.248483657836914,-0.13747553527355194,8.778538703918457,0.3310275673866272,0.0,-8.62
54528.0,2.0465919971466064,-0.049812354147434235,4.199062347412109,0.3126903176307678,0.0,-9.687500000000002
54784.0,0.29258403182029724,-0.016396086663007736,0.6240308284759521,0.3035300374031067,0.0,-13.075
55040.0,0.6111687421798706,-0.03188124671578407,1.2936021089553833,0.3751028776168823,0.0,-14.98666666666667
55296.0,0.2321007251739502,-0.07122283428907394,0.6151458024978638,0.4249327778816223,0.0,-12.065714285714288
55552.0,0.5204133987426758,0.17619964480400085,0.6965550184249878,0.40637123584747314,0.0,-7.52846153846154
55808.0,0.4437735676765442,0.1506609469652176,0.5932821035385132,0.3528403639793396,0.0,-13.71
56064.0,0.8978392481803894,0.03880302980542183,1.7259057760238647,0.39167070388793945,0.0,-12.810833333333335
56320.0,0.3737396001815796,0.2083645761013031,0.3395756483078003,0.4412796199321747,0.0,-11.724374999999998
56576.0,2.7066659927368164,-0.007388409227132797,5.43605899810791,0.39750608801841736,0.0,-11.505
56832.0,0.19004349410533905,-0.0858672559261322,0.5599746704101562,0.40765851736068726,0.0,-12.572857142857142
57088.0,0.3118000626564026,0.06271195411682129,0.5098599195480347,0.5841848850250244,0.0,-13.247500000000002
57344.0,2.12870192527771,0.11082746088504791,4.044224739074707,0.42378801107406616,0.0,-6.562500000000002
57600.0,1.1515178680419922,0.03568820655345917,2.2387826442718506,0.3561660051345825,0.0,-14.778571428571427
57856.0,1.9915837049484253,0.04931863397359848,3.8936734199523926,0.45716583728790283,0.0,-11.167000000000002
58112.0,0.3550623059272766,-0.003763355314731598,0.7268378734588623,0.4593271017074585,0.0,-13.17181818181818
58368.0,0.33522385358810425,0.062411222606897354,0.5547458529472351,0.45602938532829285,0.0,-12.068000000000001
58624.0,0.6957744359970093,0.016982611268758774,1.3662999868392944,0.43581750988960266,0.0,-13.58666666666667
58880.0,0.25949251651763916,0.050470221787691116,0.4268595576286316,0.4407486319541931,0.0,-12.347142857142856
59136.0,0.7116097211837769,0.0964311808347702,1.2404813766479492,0.5062156915664673,0.0,-14.3225
59392.0,3.5816943645477295,-0.006200680509209633,7.185791969299316,0.5000754594802856,0.0,-8.445454545454545
59648.0,0.38084346055984497,0.005585167557001114,0.7586703300476074,0.407686710357666,0.0,-12.742857142857147
59904.0,0.2791896462440491,0.0568564310669899,0.45292580127716064,0.41296836733818054,0.0,-11.526153846153848
60160.0,2.5133519172668457,-0.1900588572025299,5.415788650512695,0.44834500551223755,0.0,-9.407499999999999
60416.0,1.41410231590271,0.04979242384433746,2.738131046295166,0.47556376457214355,0.0,-8.782666666666668
60672.0,0.6077509522438049,0.0464063361287117,1.130868673324585,0.40897268056869507,0.0,-11.867272727272727
60928.0,0.3838513493537903,-0.0035546645522117615,0.7819234132766724,0.35556724667549133,0.0,-15.121666666666675
61184.0,0.41483426094055176,-0.06228979676961899,0.9631655812263489,0.4458732008934021,0.0,-11.923
61440.0,2.5257773399353027,0.018084468320012093,5.023241996765137,0.3928145170211792,0.0,-6.6
61696.0,0.46541303396224976,0.10058271884918213,0.7372926473617554,0.3816014528274536,0.0,-13.782222222222222
61952.0,0.5487784147262573,0.1270548403263092,0.8538895845413208,0.5221240520477295,0.0,-12.434285714285716
62208.0,0.5883431434631348,-0.07428909838199615,1.3329901695251465,0.3862875699996948,0.0,-13.737777777777778
62464.0,1.1404447555541992,-0.02773508056998253,2.3438985347747803,0.37694263458251953,0.0,-9.598
62720.0,0.8312221765518188,0.015056982636451721,1.6415315866470337,0.4600580334663391,0.0,-16.864000000000004
62976.0,3.071068048477173,-0.07059863209724426,6.290582656860352,0.3624671399593353,0.0,-11.9625
63232.0,2.3587076663970947,0.05805788189172745,4.609710693359375,0.420537531375885,0.0,-12.194375
63488.0,3.1027414798736572,0.02933148667216301,6.155655860900879,0.4417945146560669,0.0,-7.225000000000001
63744.0,3.6273694038391113,0.032770752906799316,7.1959452629089355,0.3373984694480896,0.0,-11.034285714285716
64000.0,0.43845033645629883,0.14524149894714355,0.5956190824508667,0.4600718021392822,0.0,-11.07375
64256.0,3.2294933795928955,-0.06762517243623734,6.602902412414551,0.433260440826416,0.0,-10.815714285714288
64512.0,0.4955863654613495,-0.07676823437213898,1.1524441242218018,0.3867470324039459,0.0,-11.718999999999998
64768.0,0.164468452334404,-0.058292195200920105,0.45391300320625305,0.4195849597454071,0.0,-12.677777777777779
65024.0,0.37784701585769653,0.16348379850387573,0.4381696879863739,0.4721631407737732,0.0,-12.102500000000001
65280.0,0.2373853623867035,-0.03886570408940315,0.5614722967147827,0.4485083222389221,0.0,-10.043636363636365
65536.0,1.465060830116272,-0.017576366662979126,2.9758007526397705,0.5263161659240723,0.0,-10.77727272727273
65792.0,2.873880386352539,0.0409536212682724,5.67529821395874,0.47224220633506775,0.0,-8.072222222222223
66048.0,0.5057312250137329,0.060756999999284744,0.8988509178161621,0.44512152671813965,0.0,-12.864999999999997
66304.0,0.0015077772550284863,-0.11158185452222824,0.23292452096939087,0.3372628688812256,0.0,-12.139999999999999
66560.0,0.22633753716945648,0.03529731556773186,0.39032840728759766,0.41239798069000244,0.0,-12.13777777777778
66816.0,0.3327941298484802,-0.11920574307441711,0.9109666347503662,0.34834587574005127,0.0,-10.655
67072.0,2.429084062576294,-0.033380359411239624,4.934223651885986,0.4647555947303772,0.0,-9.68266666666667
67328.0,0.3318902254104614,-0.07299021631479263,0.817200779914856,0.37199538946151733,0.0,-13.427500000000002
67584.0,0.27991944551467896,-0.05092740058898926,0.6707824468612671,0.45443737506866455,0.0,-10.655000000000001
67840.0,1.9380900859832764,-0.029146838933229446,3.9417524337768555,0.36393752694129944,0.0,-8.50333333333333
68096.0,5.696359157562256,-0.48766013979911804,12.377981185913086,0.4971623122692108,0.0,-9.085714285714285
68352.0,2.185607671737671,-0.2299984246492386,4.8412580490112305,0.502308189868927,0.0,-11.5
68608.0,0.777834951877594,0.05281003564596176,1.4602837562561035,0.5116912126541138,0.0,-14.750000000000004
68864.0,3.3484106063842773,-0.10321880877017975,6.910493850708008,0.36175796389579773,0.0,-10.599000000000002
69120.0,1.313468098640442,0.023914791643619537,2.58768367767334,0.4288504719734192,0.0,-8.883333333333333
69376.0,0.2620916962623596,-0.024933332577347755,0.5824873447418213,0.42186522483825684,0.0,-12.852857142857143
69632.0,-0.005580189637839794,-0.15440964698791504,0.30586931109428406,0.4105198383331299,0.0,-11.890000000000002
69888.0,0.8699325323104858,0.1264207661151886,1.4946972131729126,0.38368698954582214,0.0,-12.54625
70000.0,0.46995753049850464,0.11633496731519699,0.7156402468681335,0.4197569787502289,0.0,-14.325
